{"cameraMode":{"drawMode":0,"name":"Shaded","section":"Shading Mode"},"sceneLighting":true,"audioPlay":false,"sceneViewState":{"showFog":true,"showMaterialUpdate":false,"showSkybox":true,"showFlares":true,"showImageEffects":true,"showParticleSystems":true},"in2DMode":false,"pivot":{"x":0.5336475372314453,"y":-2.4243106842041017,"z":0.7515010833740234},"rotation":{"x":0.3778846561908722,"y":-0.3059469759464264,"z":0.13388438522815705,"w":0.8635260462760925},"size":22.45213508605957,"orthographic":false}