{"cameraMode":{"drawMode":0,"name":"Shaded","section":"Shading Mode"},"sceneLighting":false,"audioPlay":false,"sceneViewState":{"showFog":true,"showMaterialUpdate":false,"showSkybox":false,"showFlares":true,"showImageEffects":true,"showParticleSystems":true},"in2DMode":false,"pivot":{"x":-4.439000129699707,"y":1.9500000476837159,"z":-1.5499999523162842},"rotation":{"x":0.2987591326236725,"y":0.08004150539636612,"z":-0.02515495754778385,"w":0.9506334066390991},"size":0.5794017314910889,"orthographic":false}