{"cameraMode":{"drawMode":0,"name":"Shaded","section":"Shading Mode"},"sceneLighting":false,"audioPlay":false,"sceneViewState":{"showFog":true,"showMaterialUpdate":false,"showSkybox":false,"showFlares":true,"showImageEffects":true,"showParticleSystems":true},"in2DMode":false,"pivot":{"x":3.1600000858306886,"y":0.25,"z":-2.6600000858306886},"rotation":{"x":0.37409359216690066,"y":0.0791480764746666,"z":-0.03206314146518707,"w":0.9234516024589539},"size":0.4330126941204071,"orthographic":false}