{"cameraMode":{"drawMode":0,"name":"Shaded","section":"Shading Mode"},"sceneLighting":true,"audioPlay":false,"sceneViewState":{"showFog":true,"showMaterialUpdate":false,"showSkybox":true,"showFlares":true,"showImageEffects":true,"showParticleSystems":true},"in2DMode":false,"pivot":{"x":-4.049415111541748,"y":-1.763880729675293,"z":-2.0420403480529787},"rotation":{"x":0.3778846561908722,"y":-0.3059469759464264,"z":0.13388438522815705,"w":0.8635260462760925},"size":9.637042045593262,"orthographic":false}