{"cameraMode":{"drawMode":0,"name":"Shaded","section":"Shading Mode"},"sceneLighting":false,"audioPlay":false,"sceneViewState":{"showFog":false,"showMaterialUpdate":false,"showSkybox":false,"showFlares":false,"showImageEffects":false,"showParticleSystems":false},"in2DMode":false,"pivot":{"x":0.010000228881835938,"y":1.5,"z":24.780000686645509},"rotation":{"x":0.2133469581604004,"y":-0.3618968725204468,"z":0.08546014875173569,"w":0.9034496545791626},"size":43.20838928222656,"orthographic":true}