{"cameraMode":{"drawMode":0,"name":"Shaded","section":"Shading Mode"},"sceneLighting":false,"audioPlay":false,"sceneViewState":{"showFog":false,"showMaterialUpdate":false,"showSkybox":false,"showFlares":false,"showImageEffects":false,"showParticleSystems":false},"in2DMode":false,"pivot":{"x":0.08999991416931153,"y":3.759999990463257,"z":-1.1327581405639649},"rotation":{"x":0.2811102867126465,"y":-0.2892121970653534,"z":0.08927281945943833,"w":0.9106947779655457},"size":2.587104082107544,"orthographic":true}