{"cameraMode":{"drawMode":0,"name":"Shaded","section":"Shading Mode"},"sceneLighting":false,"audioPlay":false,"sceneViewState":{"showFog":false,"showMaterialUpdate":false,"showSkybox":false,"showFlares":false,"showImageEffects":false,"showParticleSystems":false},"in2DMode":false,"pivot":{"x":0.05000019073486328,"y":1.0,"z":-3.6999988555908205},"rotation":{"x":0.37740665674209597,"y":-0.004998914431780577,"z":0.0020372134167701008,"w":0.9260321259498596},"size":10.372823715209961,"orthographic":true}