{"cameraMode":{"drawMode":0,"name":"Shaded","section":"Shading Mode"},"sceneLighting":false,"audioPlay":false,"sceneViewState":{"showFog":false,"showMaterialUpdate":false,"showSkybox":false,"showFlares":false,"showImageEffects":false,"showParticleSystems":false},"in2DMode":false,"pivot":{"x":-20.684402465820314,"y":-10.57378101348877,"z":33.94613265991211},"rotation":{"x":-0.22506412863731385,"y":0.2808232009410858,"z":-0.06792129576206207,"w":-0.9305267333984375},"size":21.727155685424806,"orthographic":false}