{"cameraMode":{"drawMode":0,"name":"Shaded","section":"Shading Mode"},"sceneLighting":false,"audioPlay":false,"sceneViewState":{"showFog":false,"showMaterialUpdate":false,"showSkybox":false,"showFlares":false,"showImageEffects":false,"showParticleSystems":false},"in2DMode":false,"pivot":{"x":0.6370909214019775,"y":3.272909164428711,"z":-3.752660036087036},"rotation":{"x":0.2550508379936218,"y":-0.3902372717857361,"z":0.11343973129987717,"w":0.8773813247680664},"size":41.9180908203125,"orthographic":true}