{"cameraMode":{"drawMode":0,"name":"Shaded","section":"Shading Mode"},"sceneLighting":false,"audioPlay":false,"sceneViewState":{"showFog":false,"showMaterialUpdate":false,"showSkybox":false,"showFlares":false,"showImageEffects":false,"showParticleSystems":false},"in2DMode":false,"pivot":{"x":36.50199890136719,"y":17.844274520874025,"z":2.702554702758789},"rotation":{"x":0.08694957196712494,"y":-0.13703058660030366,"z":0.01207383070141077,"w":0.9866669774055481},"size":20.621591567993165,"orthographic":true}