{"cameraMode":{"drawMode":0,"name":"Shaded","section":"Shading Mode"},"sceneLighting":false,"audioPlay":false,"sceneViewState":{"showFog":false,"showMaterialUpdate":false,"showSkybox":false,"showFlares":false,"showImageEffects":false,"showParticleSystems":false},"in2DMode":false,"pivot":{"x":-2.632031202316284,"y":1.5964851379394532,"z":-1.3027615547180176},"rotation":{"x":0.2811102867126465,"y":-0.2892121970653534,"z":0.08927281945943833,"w":0.9106947779655457},"size":6.149893283843994,"orthographic":true}