{"cameraMode":{"drawMode":0,"name":"Shaded","section":"Shading Mode"},"sceneLighting":false,"audioPlay":false,"sceneViewState":{"showFog":false,"showMaterialUpdate":false,"showSkybox":false,"showFlares":false,"showImageEffects":false,"showParticleSystems":false},"in2DMode":false,"pivot":{"x":2.489999771118164,"y":2.4600000381469728,"z":-1.1327581405639649},"rotation":{"x":0.17208169400691987,"y":-0.5403094291687012,"z":0.11397598683834076,"w":0.8157607316970825},"size":8.34351634979248,"orthographic":true}