{"cameraMode":{"drawMode":0,"name":"Shaded","section":"Shading Mode"},"sceneLighting":false,"audioPlay":false,"sceneViewState":{"showFog":false,"showMaterialUpdate":false,"showSkybox":false,"showFlares":false,"showImageEffects":false,"showParticleSystems":false},"in2DMode":false,"pivot":{"x":-0.05500006675720215,"y":1.1000001430511475,"z":-3.6999988555908205},"rotation":{"x":0.2811102867126465,"y":-0.2892121970653534,"z":0.08927281945943833,"w":0.9106947779655457},"size":4.510767459869385,"orthographic":true}