{"cameraMode":{"drawMode":0,"name":"Shaded","section":"Shading Mode"},"sceneLighting":true,"audioPlay":false,"sceneViewState":{"showFog":true,"showMaterialUpdate":false,"showSkybox":true,"showFlares":true,"showImageEffects":true,"showParticleSystems":true},"in2DMode":false,"pivot":{"x":-0.15611910820007325,"y":7.175422668457031,"z":-5.065857887268066},"rotation":{"x":0.2942444682121277,"y":-0.029805541038513185,"z":0.009181168861687184,"w":0.9552422761917114},"size":2.8578836917877199,"orthographic":false}