{"cameraMode":{"drawMode":0,"name":"Shaded","section":"Shading Mode"},"sceneLighting":false,"audioPlay":false,"sceneViewState":{"showFog":true,"showMaterialUpdate":false,"showSkybox":false,"showFlares":true,"showImageEffects":true,"showParticleSystems":true},"in2DMode":false,"pivot":{"x":86.68134307861328,"y":-16.30105209350586,"z":58.10582733154297},"rotation":{"x":0.10859999060630799,"y":0.42269572615623476,"z":-0.05109873414039612,"w":0.8983086347579956},"size":165.8557891845703,"orthographic":false}