{"cameraMode":{"drawMode":0,"name":"Shaded","section":"Shading Mode"},"sceneLighting":true,"audioPlay":false,"sceneViewState":{"showFog":true,"showMaterialUpdate":false,"showSkybox":true,"showFlares":true,"showImageEffects":true,"showParticleSystems":true},"in2DMode":false,"pivot":{"x":0.3138788938522339,"y":7.275362968444824,"z":-4.993381500244141},"rotation":{"x":0.28428876399993899,"y":0.01755133643746376,"z":-0.005206923931837082,"w":0.9585832357406616},"size":2.8578836917877199,"orthographic":false}